Condition,MedCodeId,Term
Sleep disorders,136581000006114.0,Sleep apnoea
Sleep disorders,267911000006119.0,Obstructive sleep apnoea
Sleep disorders,200354014.0,Sleep apnoea
Sleep disorders,219501000000111.0,Obstructive sleep apnoea
Sleep disorders,317034011.0,[D]Insomnia with sleep apnoea
Sleep disorders,405691012.0,[D]Hypersomnia with sleep apnoea
