Condition,SnomedCTConceptId,SnomedCTDescriptionId,Term
Sleep disorders,73430006.0,200354014.0,Sleep apnoea
Sleep disorders,78275009.0,2966563014.0,Obstructive sleep apnoea
Sleep disorders,41975002.0,197601019.0,[D]Insomnia with sleep apnoea
Sleep disorders,79280005.0,200785019.0,[D]Hypersomnia with sleep apnoea
